{ "height":15,
 "layers":[
        {
         "data":[1601, 1601, 1601, 1601, 1601, 1601, 1601, 1601, 1601, 1601, 1601, 1601, 1601, 1601, 1601, 1601, 1601, 1601, 1601, 1601, 1601, 1601, 1601, 1601, 1601, 1601, 1601, 1601, 1601, 1601, 1601, 1601, 1601, 1601, 1601, 1601, 1601, 1601, 1601, 1601, 1601, 0, 0, 0, 0, 0, 0, 1601, 1601, 1601, 1601, 1601, 1601, 1601, 1601, 0, 0, 0, 0, 1601, 1601, 0, 0, 0, 0, 0, 0, 1601, 1601, 1601, 1601, 1601, 0, 0, 1601, 0, 0, 0, 0, 1601, 1601, 0, 0, 0, 0, 0, 0, 1601, 1601, 0, 1601, 1601, 0, 0, 1601, 0, 0, 0, 0, 1601, 1601, 0, 0, 0, 0, 0, 0, 0, 0, 0, 0, 0, 0, 1601, 1601, 0, 0, 0, 0, 1601, 0, 0, 0, 0, 0, 0, 0, 0, 0, 0, 0, 0, 0, 0, 0, 0, 0, 0, 0, 0, 0, 0, 0, 0, 0, 0, 0, 0, 0, 0, 0, 0, 0, 0, 0, 0, 0, 0, 0, 0, 0, 0, 0, 0, 0, 0, 0, 0, 0, 0, 0, 0, 0, 0, 0, 0, 0, 0, 0, 0, 0, 0, 0, 0, 0, 0, 0, 0, 0, 0, 0, 0, 0, 0, 0, 0, 0, 0, 0, 0, 0, 0, 0, 0, 0, 0, 0, 0, 0, 0, 0, 0, 0, 0, 0, 0, 0, 0, 0, 0, 1601, 1601, 0, 0, 0, 0, 0, 0, 0, 0, 0, 0, 0, 0, 0, 0, 0, 0, 1601, 1601, 1601, 1601, 0, 0, 0, 0, 0, 0, 0, 0, 0, 0, 0, 0, 0, 0, 0, 0, 1601, 1601, 1601, 1601, 1601, 1601, 0, 0, 0, 0, 0, 0, 0, 0, 0, 0, 0, 0, 1601, 1601, 1601, 1601, 1601, 1601, 1601, 1601, 1601, 1601, 1601, 1601, 0, 0, 0, 0, 1601, 1601, 1601, 1601, 1601, 1601, 1601, 1601],
         "height":15,
         "name":"walls",
         "opacity":1,
         "type":"tilelayer",
         "visible":true,
         "width":20,
         "x":0,
         "y":0
        }, 
        {
         "data":[1, 406, 406, 406, 406, 366, 366, 1, 1, 1, 1, 1, 1, 1, 1, 1, 1, 1, 1, 1, 406, 406, 406, 406, 366, 1, 406, 1, 366, 366, 406, 1, 406, 406, 1, 1, 1, 366, 1, 1, 406, 406, 366, 366, 406, 406, 366, 1, 1, 406, 1, 366, 1, 1, 1, 406, 1, 1, 1, 1, 406, 1, 366, 366, 406, 1, 1, 1, 1, 1, 1, 1, 1, 1, 1, 366, 366, 1, 1, 1, 406, 406, 1, 366, 366, 1, 1, 1, 161, 162, 163, 406, 406, 1, 1, 366, 1, 406, 366, 1, 406, 366, 406, 1, 366, 1, 1, 366, 161, 162, 163, 406, 406, 406, 406, 1, 1, 366, 1, 1, 1, 1, 406, 406, 366, 366, 1, 366, 201, 202, 203, 406, 406, 406, 406, 1, 1, 366, 1, 1, 406, 1, 406, 406, 1, 366, 406, 406, 406, 1, 1, 1, 406, 406, 1, 406, 366, 1, 1, 1, 406, 366, 406, 406, 1, 366, 366, 406, 406, 406, 366, 406, 1, 1, 406, 406, 366, 1, 1, 1, 406, 406, 1, 406, 406, 1, 366, 406, 406, 406, 406, 406, 406, 1, 1, 1, 1, 1, 406, 1, 406, 1, 1, 366, 406, 406, 406, 406, 366, 366, 1, 406, 366, 406, 1, 1, 1, 1, 1, 1, 406, 406, 406, 366, 366, 406, 1, 406, 406, 366, 366, 366, 1, 406, 1, 1, 406, 1, 1, 402, 406, 406, 366, 406, 1, 406, 406, 1, 1, 1, 366, 406, 406, 366, 366, 366, 366, 406, 366, 406, 406, 406, 406, 406, 406, 1, 366, 366, 366, 366, 366, 1, 366, 366, 1, 366, 406, 406, 406, 406, 406, 406, 406, 406, 406, 406, 406, 406, 406, 406, 406, 1, 406, 406, 406, 406, 406, 406, 406, 406],
         "height":15,
         "name":"terrain",
         "opacity":1,
         "type":"tilelayer",
         "visible":true,
         "width":20,
         "x":0,
         "y":0
        }, 
        {
         "data":[563, 646, 647, 646, 647, 646, 647, 7, 8, 9, 10, 11, 646, 647, 646, 647, 646, 647, 646, 647, 563, 686, 687, 686, 687, 686, 687, 47, 48, 49, 50, 51, 686, 687, 686, 687, 686, 687, 686, 687, 563, 0, 0, 0, 0, 0, 0, 87, 88, 89, 90, 91, 761, 685, 684, 0, 0, 0, 0, 563, 563, 0, 0, 0, 0, 0, 0, 127, 128, 129, 130, 131, 0, 0, 725, 0, 0, 0, 0, 563, 563, 0, 0, 0, 0, 0, 0, 167, 168, 169, 170, 171, 0, 0, 725, 0, 0, 0, 0, 563, 563, 0, 0, 0, 0, 0, 0, 0, 0, 0, 0, 0, 0, 761, 724, 0, 0, 0, 0, 563, 0, 0, 0, 0, 0, 0, 0, 0, 0, 0, 0, 0, 0, 0, 0, 0, 0, 0, 0, 0, 0, 0, 0, 0, 0, 0, 0, 0, 0, 0, 0, 0, 0, 0, 0, 0, 0, 0, 0, 0, 0, 0, 0, 0, 0, 0, 0, 0, 0, 0, 0, 0, 0, 0, 0, 0, 0, 0, 0, 0, 0, 0, 0, 0, 0, 0, 0, 0, 0, 0, 0, 0, 0, 0, 0, 0, 0, 0, 0, 0, 0, 0, 0, 0, 0, 0, 0, 0, 0, 0, 0, 0, 0, 0, 0, 0, 0, 0, 0, 0, 646, 647, 0, 0, 0, 0, 0, 0, 0, 0, 0, 0, 0, 0, 0, 0, 0, 0, 646, 647, 686, 687, 0, 0, 0, 0, 0, 0, 0, 0, 0, 0, 0, 0, 0, 0, 0, 0, 686, 687, 646, 647, 646, 647, 0, 0, 0, 0, 0, 0, 0, 0, 0, 0, 0, 0, 646, 647, 646, 647, 686, 687, 686, 687, 563, 563, 563, 563, 0, 0, 0, 0, 563, 563, 563, 563, 686, 687, 686, 687],
         "height":15,
         "name":"buildings",
         "opacity":1,
         "type":"tilelayer",
         "visible":true,
         "width":20,
         "x":0,
         "y":0
        }, 
        {
         "draworder":"topdown",
         "height":15,
         "name":"Entities",
         "objects":[
                {
                 "height":32,
                 "id":1,
                 "name":"knight",
                 "rotation":0,
                 "type":"knight",
                 "visible":true,
                 "width":32,
                 "x":416,
                 "y":320
                }],
         "opacity":1,
         "type":"objectgroup",
         "visible":true,
         "width":20,
         "x":0,
         "y":0
        }],
 "nextobjectid":4,
 "orientation":"orthogonal",
 "renderorder":"right-down",
 "tileheight":32,
 "tilesets":[
        {
         "columns":40,
         "firstgid":1,
         "image":"..\/gfx\/Overworld.png",
         "imageheight":1152,
         "imagewidth":1280,
         "margin":0,
         "name":"Overworld",
         "spacing":0,
         "tilecount":1440,
         "tileheight":32,
         "tilewidth":32
        }, 
        {
         "columns":16,
         "firstgid":1441,
         "image":"..\/gfx\/cave.png",
         "imageheight":320,
         "imagewidth":512,
         "margin":0,
         "name":"cave",
         "spacing":0,
         "tilecount":160,
         "tileheight":32,
         "tilewidth":32
        }, 
        {
         "columns":22,
         "firstgid":1601,
         "image":"..\/gfx\/Inner.png",
         "imageheight":576,
         "imagewidth":704,
         "margin":0,
         "name":"Indoors",
         "spacing":0,
         "tilecount":396,
         "tileheight":32,
         "tilewidth":32
        }],
 "tilewidth":32,
 "version":1,
 "width":20
}